[
    {
        "pk": 1,
        "model": "schedule.schedule",
        "fields": {
            "section": 1
        }
    },
    {
        "pk": 1,
        "model": "schedule.day",
        "fields": {
            "date": "2015-03-13",
            "schedule": 1
        }
    },
    {
        "pk": 2,
        "model": "schedule.day",
        "fields": {
            "date": "2015-03-14",
            "schedule": 1
        }
    },
    {
        "pk": 3,
        "model": "schedule.day",
        "fields": {
            "date": "2015-03-15",
            "schedule": 1
        }
    },
    {
        "pk": 4,
        "model": "schedule.day",
        "fields": {
            "date": "2015-03-16",
            "schedule": 1
        }
    },
    {
        "pk": 5,
        "model": "schedule.day",
        "fields": {
            "date": "2015-03-17",
            "schedule": 1
        }
    },
    {
        "pk": 1,
        "model": "schedule.room",
        "fields": {
            "order": 1,
            "name": "Tutorials 1",
            "schedule": 1
        }
    },
    {
        "pk": 2,
        "model": "schedule.room",
        "fields": {
            "order": 2,
            "name": "Tutorials 2",
            "schedule": 1
        }
    },
    {
        "pk": 3,
        "model": "schedule.room",
        "fields": {
            "order": 3,
            "name": "Tutorials 3",
            "schedule": 1
        }
    },
    {
        "pk": 4,
        "model": "schedule.room",
        "fields": {
            "order": 4,
            "name": "Tutorials 4",
            "schedule": 1
        }
    },
    {
        "pk": 5,
        "model": "schedule.room",
        "fields": {
            "order": 5,
            "name": "Tutorials 5",
            "schedule": 1
        }
    },
    {
        "pk": 6,
        "model": "schedule.room",
        "fields": {
            "order": 6,
            "name": "Tutorials 6",
            "schedule": 1
        }
    },
    {
        "pk": 7,
        "model": "schedule.room",
        "fields": {
            "order": 7,
            "name": "Tutorials 7",
            "schedule": 1
        }
    },
    {
        "pk": 8,
        "model": "schedule.room",
        "fields": {
            "order": 8,
            "name": "Tutorials 8",
            "schedule": 1
        }
    },
    {
        "pk": 9,
        "model": "schedule.room",
        "fields": {
            "order": 9,
            "name": "Tutorials 9",
            "schedule": 1
        }
    },
    {
        "pk": 10,
        "model": "schedule.room",
        "fields": {
            "order": 10,
            "name": "Tutorials 10",
            "schedule": 1
        }
    },
    {
        "pk": 11,
        "model": "schedule.room",
        "fields": {
            "order": 11,
            "name": "Tutorials 11",
            "schedule": 1
        }
    },
    {
        "pk": 12,
        "model": "schedule.room",
        "fields": {
            "order": 12,
            "name": "Tutorials 12",
            "schedule": 1
        }
    },
    {
        "pk": 13,
        "model": "schedule.room",
        "fields": {
            "order": 13,
            "name": "Tutorials 13",
            "schedule": 1
        }
    },
    {
        "pk": 14,
        "model": "schedule.room",
        "fields": {
            "order": 14,
            "name": "Tutorials 14",
            "schedule": 1
        }
    },
    {
        "pk": 1,
        "model": "schedule.slotkind",
        "fields": {
            "label": "tutorial",
            "schedule": 1
        }
    },
    {
        "pk": 2,
        "model": "schedule.slotkind",
        "fields": {
            "label": "poetry slam",
            "schedule": 1
        }
    },
    {
        "pk": 3,
        "model": "schedule.slotkind",
        "fields": {
            "label": "sermon",
            "schedule": 1
        }
    },
    {
        "pk": 4,
        "model": "schedule.slotkind",
        "fields": {
            "label": "lightning talk",
            "schedule": 1
        }
    },
    {
        "pk": 5,
        "model": "schedule.slotkind",
        "fields": {
            "label": "lesson",
            "schedule": 1
        }
    },
    {
        "pk": 6,
        "model": "schedule.slotkind",
        "fields": {
            "label": "exhortation",
            "schedule": 1
        }
    },
    {
        "pk": 7,
        "model": "schedule.slotkind",
        "fields": {
            "label": "confession",
            "schedule": 1
        }
    },
    {
        "pk": 1,
        "model": "schedule.slot",
        "fields": {
            "kind": 1,
            "end": "12:20:00",
            "content_override": "",
            "start": "09:00:00",
            "day": 1
        }
    },
    {
        "pk": 2,
        "model": "schedule.slot",
        "fields": {

            "kind": 1,
            "end": "12:20:00",
            "content_override": "",
            "start": "09:00:00",
            "day": 1
        }
    },
    {
        "pk": 3,
        "model": "schedule.slot",
        "fields": {

            "kind": 1,
            "end": "12:20:00",
            "content_override": "",
            "start": "09:00:00",
            "day": 1
        }
    },
    {
        "pk": 4,
        "model": "schedule.slot",
        "fields": {

            "kind": 1,
            "end": "12:20:00",
            "content_override": "",
            "start": "09:00:00",
            "day": 1
        }
    },
    {
        "pk": 5,
        "model": "schedule.slot",
        "fields": {

            "kind": 1,
            "end": "12:20:00",
            "content_override": "",
            "start": "09:00:00",
            "day": 1
        }
    },
    {
        "pk": 6,
        "model": "schedule.slot",
        "fields": {

            "kind": 1,
            "end": "12:20:00",
            "content_override": "",
            "start": "09:00:00",
            "day": 1
        }
    },
    {
        "pk": 7,
        "model": "schedule.slot",
        "fields": {

            "kind": 1,
            "end": "12:20:00",
            "content_override": "",
            "start": "09:00:00",
            "day": 1
        }
    },
    {
        "pk": 8,
        "model": "schedule.slot",
        "fields": {

            "kind": 1,
            "end": "12:20:00",
            "content_override": "",
            "start": "09:00:00",
            "day": 1
        }
    },
    {
        "pk": 9,
        "model": "schedule.slot",
        "fields": {

            "kind": 1,
            "end": "16:40:00",
            "content_override": "",
            "start": "13:20:00",
            "day": 1
        }
    },
    {
        "pk": 10,
        "model": "schedule.slot",
        "fields": {

            "kind": 1,
            "end": "16:40:00",
            "content_override": "",
            "start": "13:20:00",
            "day": 1
        }
    },
    {
        "pk": 11,
        "model": "schedule.slot",
        "fields": {

            "kind": 1,
            "end": "16:40:00",
            "content_override": "",
            "start": "13:20:00",
            "day": 1
        }
    },
    {
        "pk": 12,
        "model": "schedule.slot",
        "fields": {

            "kind": 1,
            "end": "16:40:00",
            "content_override": "",
            "start": "13:20:00",
            "day": 1
        }
    },
    {
        "pk": 13,
        "model": "schedule.slot",
        "fields": {

            "kind": 1,
            "end": "16:40:00",
            "content_override": "",
            "start": "13:20:00",
            "day": 1
        }
    },
    {
        "pk": 14,
        "model": "schedule.slot",
        "fields": {

            "kind": 1,
            "end": "16:40:00",
            "content_override": "",
            "start": "13:20:00",
            "day": 1
        }
    },
    {
        "pk": 15,
        "model": "schedule.slot",
        "fields": {

            "kind": 1,
            "end": "16:40:00",
            "content_override": "",
            "start": "13:20:00",
            "day": 1
        }
    },
    {
        "pk": 16,
        "model": "schedule.slot",
        "fields": {

            "kind": 1,
            "end": "16:40:00",
            "content_override": "",
            "start": "13:20:00",
            "day": 1
        }
    },
    {
        "pk": 17,
        "model": "schedule.slot",
        "fields": {

            "kind": 1,
            "end": "12:20:00",
            "content_override": "",
            "start": "09:00:00",
            "day": 2
        }
    },
    {
        "pk": 18,
        "model": "schedule.slot",
        "fields": {

            "kind": 1,
            "end": "12:20:00",
            "content_override": "",
            "start": "09:00:00",
            "day": 2
        }
    },
    {
        "pk": 19,
        "model": "schedule.slot",
        "fields": {

            "kind": 1,
            "end": "12:20:00",
            "content_override": "",
            "start": "09:00:00",
            "day": 2
        }
    },
    {
        "pk": 20,
        "model": "schedule.slot",
        "fields": {

            "kind": 1,
            "end": "12:20:00",
            "content_override": "",
            "start": "09:00:00",
            "day": 2
        }
    },
    {
        "pk": 21,
        "model": "schedule.slot",
        "fields": {

            "kind": 1,
            "end": "12:20:00",
            "content_override": "",
            "start": "09:00:00",
            "day": 2
        }
    },
    {
        "pk": 22,
        "model": "schedule.slot",
        "fields": {

            "kind": 1,
            "end": "12:20:00",
            "content_override": "",
            "start": "09:00:00",
            "day": 2
        }
    },
    {
        "pk": 23,
        "model": "schedule.slot",
        "fields": {

            "kind": 1,
            "end": "12:20:00",
            "content_override": "",
            "start": "09:00:00",
            "day": 2
        }
    },
    {
        "pk": 24,
        "model": "schedule.slot",
        "fields": {

            "kind": 1,
            "end": "12:20:00",
            "content_override": "",
            "start": "09:00:00",
            "day": 2
        }
    },
    {
        "pk": 25,
        "model": "schedule.slot",
        "fields": {

            "kind": 1,
            "end": "16:40:00",
            "content_override": "",
            "start": "13:20:00",
            "day": 2
        }
    },
    {
        "pk": 26,
        "model": "schedule.slot",
        "fields": {

            "kind": 1,
            "end": "16:40:00",
            "content_override": "",
            "start": "13:20:00",
            "day": 2
        }
    },
    {
        "pk": 27,
        "model": "schedule.slot",
        "fields": {

            "kind": 1,
            "end": "16:40:00",
            "content_override": "",
            "start": "13:20:00",
            "day": 2
        }
    },
    {
        "pk": 28,
        "model": "schedule.slot",
        "fields": {

            "kind": 1,
            "end": "16:40:00",
            "content_override": "",
            "start": "13:20:00",
            "day": 2
        }
    },
    {
        "pk": 29,
        "model": "schedule.slot",
        "fields": {

            "kind": 1,
            "end": "16:40:00",
            "content_override": "",
            "start": "13:20:00",
            "day": 2
        }
    },
    {
        "pk": 30,
        "model": "schedule.slot",
        "fields": {

            "kind": 1,
            "end": "16:40:00",
            "content_override": "",
            "start": "13:20:00",
            "day": 2
        }
    },
    {
        "pk": 31,
        "model": "schedule.slot",
        "fields": {

            "kind": 1,
            "end": "16:40:00",
            "content_override": "",
            "start": "13:20:00",
            "day": 2
        }
    },
    {
        "pk": 32,
        "model": "schedule.slot",
        "fields": {

            "kind": 1,
            "end": "16:40:00",
            "content_override": "",
            "start": "13:20:00",
            "day": 2
        }
    },
    {
        "pk": 1,
        "model": "schedule.slotroom",
        "fields": {
            "slot": 1,
            "room": 1
        }
    },
    {
        "pk": 2,
        "model": "schedule.slotroom",
        "fields": {
            "slot": 2,
            "room": 2
        }
    },
    {
        "pk": 3,
        "model": "schedule.slotroom",
        "fields": {
            "slot": 3,
            "room": 3
        }
    },
    {
        "pk": 4,
        "model": "schedule.slotroom",
        "fields": {
            "slot": 4,
            "room": 4
        }
    },
    {
        "pk": 5,
        "model": "schedule.slotroom",
        "fields": {
            "slot": 5,
            "room": 5
        }
    },
    {
        "pk": 6,
        "model": "schedule.slotroom",
        "fields": {
            "slot": 6,
            "room": 6
        }
    },
    {
        "pk": 7,
        "model": "schedule.slotroom",
        "fields": {
            "slot": 7,
            "room": 7
        }
    },
    {
        "pk": 8,
        "model": "schedule.slotroom",
        "fields": {
            "slot": 8,
            "room": 8
        }
    },
    {
        "pk": 9,
        "model": "schedule.slotroom",
        "fields": {
            "slot": 9,
            "room": 1
        }
    },
    {
        "pk": 10,
        "model": "schedule.slotroom",
        "fields": {
            "slot": 10,
            "room": 2
        }
    },
    {
        "pk": 11,
        "model": "schedule.slotroom",
        "fields": {
            "slot": 11,
            "room": 3
        }
    },
    {
        "pk": 12,
        "model": "schedule.slotroom",
        "fields": {
            "slot": 12,
            "room": 4
        }
    },
    {
        "pk": 13,
        "model": "schedule.slotroom",
        "fields": {
            "slot": 13,
            "room": 5
        }
    },
    {
        "pk": 14,
        "model": "schedule.slotroom",
        "fields": {
            "slot": 14,
            "room": 6
        }
    },
    {
        "pk": 15,
        "model": "schedule.slotroom",
        "fields": {
            "slot": 15,
            "room": 7
        }
    },
    {
        "pk": 16,
        "model": "schedule.slotroom",
        "fields": {
            "slot": 16,
            "room": 8
        }
    },
    {
        "pk": 17,
        "model": "schedule.slotroom",
        "fields": {
            "slot": 17,
            "room": 1
        }
    },
    {
        "pk": 18,
        "model": "schedule.slotroom",
        "fields": {
            "slot": 18,
            "room": 2
        }
    },
    {
        "pk": 19,
        "model": "schedule.slotroom",
        "fields": {
            "slot": 19,
            "room": 3
        }
    },
    {
        "pk": 20,
        "model": "schedule.slotroom",
        "fields": {
            "slot": 20,
            "room": 4
        }
    },
    {
        "pk": 21,
        "model": "schedule.slotroom",
        "fields": {
            "slot": 21,
            "room": 5
        }
    },
    {
        "pk": 22,
        "model": "schedule.slotroom",
        "fields": {
            "slot": 22,
            "room": 6
        }
    },
    {
        "pk": 23,
        "model": "schedule.slotroom",
        "fields": {
            "slot": 23,
            "room": 7
        }
    },
    {
        "pk": 24,
        "model": "schedule.slotroom",
        "fields": {
            "slot": 24,
            "room": 8
        }
    },
    {
        "pk": 25,
        "model": "schedule.slotroom",
        "fields": {
            "slot": 25,
            "room": 1
        }
    },
    {
        "pk": 26,
        "model": "schedule.slotroom",
        "fields": {
            "slot": 26,
            "room": 2
        }
    },
    {
        "pk": 27,
        "model": "schedule.slotroom",
        "fields": {
            "slot": 27,
            "room": 3
        }
    },
    {
        "pk": 28,
        "model": "schedule.slotroom",
        "fields": {
            "slot": 28,
            "room": 4
        }
    },
    {
        "pk": 29,
        "model": "schedule.slotroom",
        "fields": {
            "slot": 29,
            "room": 5
        }
    },
    {
        "pk": 30,
        "model": "schedule.slotroom",
        "fields": {
            "slot": 30,
            "room": 6
        }
    },
    {
        "pk": 31,
        "model": "schedule.slotroom",
        "fields": {
            "slot": 31,
            "room": 7
        }
    },
    {
        "pk": 32,
        "model": "schedule.slotroom",
        "fields": {
            "slot": 32,
            "room": 8
        }
    }
]
